name,url,author,publisher,date,price,rate,comment
杩介绛濈殑浜?https://book.douban.com/subject/1770782/,[缇嶿 鍗″嫆寰仿疯儭璧涘凹 , 涓婃捣浜烘皯鍑虹増绀?, 2006-5 , 29.00鍏?8.9,涓轰綘锛屽崈鍗冧竾涓囬亶
灏忕帇瀛?https://book.douban.com/subject/1084336/,[娉昡 鍦ｅ焹鍏嬭嫃浣╅噷 , 浜烘皯鏂囧鍑虹増绀?, 2003-8 , 22.00鍏?9.0,鐚粰闀挎垚浜嗗ぇ浜虹殑瀛╁瓙浠?
鍥村煄,https://book.douban.com/subject/1008145/,閽遍敽涔?, 浜烘皯鏂囧鍑虹増绀?, 1991-2 , 19.00,8.9,瀵逛簬鈥滀汉鑹颁笉鎷嗏€濆洓涓瓧鏈€褰诲簳鐨勮繚鎶?
瑙ｅ咖鏉傝揣搴?https://book.douban.com/subject/25862578/,[鏃 涓滈噹鍦惥 , 鍗楁捣鍑虹増鍏徃 , 2014-5 , 39.50鍏?8.6,涓€纰楃簿蹇冪啲鍒剁殑涓滈噹鐗岄浮姹わ紝鎷掔粷寰堥毦
娲荤潃,https://book.douban.com/subject/1082154/,浣欏崕 , 鍗楁捣鍑虹増鍏徃 , 1998-5 , 12.00鍏?9.1,娲荤潃鏈韩灏辨槸浜虹敓鏈€澶х殑鎰忎箟
鐧藉琛?https://book.douban.com/subject/3259440/,[鏃 涓滈噹鍦惥 , 鍗楁捣鍑虹増鍏徃 , 2008-9 , 29.80鍏?9.1,鏆楀鐙鐨勬畫鐮寸伒榄傦紝鐖变笌鎭舵湰灏遍毦鍒嗛毦鑸?
鎸▉鐨勬．鏋?https://book.douban.com/subject/1046265/,[鏃 鏉戜笂鏄ユ爲 , 涓婃捣璇戞枃鍑虹増绀?, 2001-2 , 18.80鍏?8.0,鏉戜笂涔嬪彂杞紝澶氬皯浜虹殑闈掓槬鍚挋
瀚岀枒浜篨鐨勭尞韬?https://book.douban.com/subject/3211779/,[鏃 涓滈噹鍦惥 , 鍗楁捣鍑虹増鍏徃 , 2008-9 , 28.00,8.9,鏁板濂芥槸涓€绉嶆瀬鑷寸殑娴极
涓変綋,https://book.douban.com/subject/2567698/,鍒樻厛娆?, 閲嶅簡鍑虹増绀?, 2008-1 , 23.00,8.8,浣犳垜涓嶈繃閮芥槸铏瓙
涓嶈兘鎵垮彈鐨勭敓鍛戒箣杞?https://book.douban.com/subject/1017143/,[鎹峰厠] 绫冲叞路鏄嗗痉鎷?, 涓婃捣璇戞枃鍑虹増绀?, 2003-7 , 23.00鍏?8.5,鏈濆悜濯氫織鐨勪竴娆′紵澶х殑杩涘啗
绾㈡ゼ姊?https://book.douban.com/subject/1007305/,[娓匽 鏇归洩鑺?钁?, 浜烘皯鏂囧鍑虹増绀?, 1996-12 , 59.70鍏?9.6,璋佽В鍏朵腑鍛筹紵
姊﹂噷鑺辫惤鐭ュ灏?https://book.douban.com/subject/1016300/,閮暚鏄?, 鏄ラ鏂囪壓鍑虹増绀?, 2003-11 , 20.00鍏?7.1,鍙槸闈掓槬鐣欎笅鐨勪綑鐑?
杈韭疯姮濂囧瘑鐮?https://book.douban.com/subject/1040771/,[缇嶿 涓孤峰竷鏈?, 涓婃捣浜烘皯鍑虹増绀?, 2004-2 , 28.00鍏?8.2,涓€鍒囩晠閿€鐨勫洜绱犻兘鏈変簡
鐪嬭,https://book.douban.com/subject/20427187/,鏌撮潤 , 骞胯タ甯堣寖澶у鍑虹増绀?, 2013-1-1 , 39.80鍏?8.8,鍦ㄨ繖閲岀湅瑙佷腑鍥?
鐧惧勾瀛ょ嫭,https://book.douban.com/subject/6082808/,[鍝ヤ鸡姣斾簹] 鍔犺タ浜毬烽┈灏斿厠鏂?, 鍗楁捣鍑虹増鍏徃 , 2011-6 , 39.50鍏?9.2,灏奸噰鎵€璋撶殑姘稿姭澶嶅綊锛屼竴鍦烘棤濮嬫棤缁堢殑姊﹂瓏
1988锛氭垜鎯冲拰杩欎釜涓栫晫璋堣皥,https://book.douban.com/subject/5275059/,闊╁瘨 , 鍥介檯鏂囧寲鍑虹増鍏徃 , 2010-9 , 25.00鍏?7.9,杞︽墜闊╁瘨鐨勫叕璺皬璇?
浣曚互绗欑榛?https://book.douban.com/subject/1461903/,椤炬极 , 鏈濆崕鍑虹増绀?, 2007-4 , 15.00鍏?7.8,鍊掕拷鏈夐闄╋紝鍏ヨ闇€璋ㄦ厧
骞冲嚒鐨勪笘鐣岋紙鍏ㄤ笁閮級,https://book.douban.com/subject/1200840/,璺仴 , 浜烘皯鏂囧鍑虹増绀?, 2005-1 , 64.00鍏?9.0,涓浗褰撲唬鍩庝埂鐢熸椿鍏ㄦ櫙
绠€鐖?https://book.douban.com/subject/1141406/,[鑻盷 澶忔礇钂偮峰媰鏈楃壒 , 涓栫晫鍥句功鍑虹増鍏徃 , 2003-11 , 18.00鍏?8.5,鐏板濞樺湪鍗佷節涓栫邯
鍝堝埄路娉㈢壒涓庨瓟娉曠煶,https://book.douban.com/subject/1041007/,[鑻盷 J. K. 缃楃惓 , 浜烘皯鏂囧鍑虹増绀?, 2000-9 , 19.50鍏?9.0,缇藉姞杩鍕掔淮濂ヨ惃锛?
鐧藉琛?https://book.douban.com/subject/10554308/,涓滈噹鍦惥 , 鍗楁捣鍑虹増鍏徃 , 2013-1-1 , 39.50鍏?9.2,灏侀潰鍓ч€?
涓変綋鈪?https://book.douban.com/subject/3066477/,鍒樻厛娆?, 閲嶅簡鍑虹増绀?, 2008-5 , 32.00,9.3,鏃犺竟鐨勯粦鏆楁．鏋楋紝姣旂涓€閮ㄦ洿涓烘仮寮樺．涓?
椋?https://book.douban.com/subject/1068920/,[缇庡浗] 鐜涙牸涓界壒路绫冲垏灏?, 璇戞灄鍑虹増绀?, 2000-9 , 40.00鍏?9.3,闈╁懡鏃舵湡鐨勭埍鎯咃紝闅忛鑰岄€?
閫佷綘涓€棰楀瓙寮?https://book.douban.com/subject/4238362/,鍒樼憸 , 涓婃捣涓夎仈涔﹀簵 , 2010-1 , 25.00鍏?8.6,鐘€鍒╁張娓╂煍锛岀┛杩囪兏鍙ｉ殣闅愪綔鐥?
涓変綋鈪?https://book.douban.com/subject/5363767/,鍒樻厛娆?, 閲嶅簡鍑虹増绀?, 2010-11 , 38.00鍏?9.2,缁堢珷锛屼綍鍘讳綍浠?
澶╂墠鍦ㄥ乏 鐤瓙鍦ㄥ彸,https://book.douban.com/subject/4242172/,楂橀摥 , 姝︽眽澶у鍑虹増绀?, 2010-2 , 29.80鍏?8.2,绠€绉扳€滅柉鐧笌鏂囨槑鈥?
鍌叉參涓庡亸瑙?https://book.douban.com/subject/1083428/,[鑻盷 濂ユ柉涓?, 浜烘皯鏂囧鍑虹増绀?, 1993-7 , 13.00鍏?8.8,鎵€鏈夌幇浠ｈ█鎯呭皬璇寸殑姣嶄綋
鍊惧煄涔嬫亱,https://book.douban.com/subject/1090043/,寮犵埍鐜?, 鑺卞煄鍑虹増绀?, 1997-3-1 , 11.00,8.5,涓€娈靛Щ缂橈紝闇€瑕佷竴搴у煄鐨勫€捐鏉ユ垚鍏?
涓夐噸闂?https://book.douban.com/subject/1026425/,闊╁瘨 , 浣滃鍑虹増绀?, 2000-5 , 16.00,7.4,鈥滄垜鏄噾瀛愶紝鎴戣鍙戝厜鐨勨€?
鏉滄媺鎷夊崌鑱岃,https://book.douban.com/subject/2256039/,鏉庡彲 , 闄曡タ甯堣寖澶у鍑虹増绀?, 2007-9 , 26.00鍏?7.8,鑱屽満涓涙灄鐢熷瓨鎵嬪唽
鏄庢湞閭ｄ簺浜嬪効锛堝９锛?https://book.douban.com/subject/1873231/,褰撳勾鏄庢湀 , 涓浗鍙嬭皧鍑虹増鍏徃 , 2006-9 , 24.80,8.7,鍘嗗彶鏈氨鏄竴浠朵欢鈥滀簨鍎库€濇嫾鎴愮殑
鍝堝埄路娉㈢壒涓庨樋鍏瑰崱鐝殑鍥氬緬,https://book.douban.com/subject/1071241/,[鑻盷 J. K. 缃楃惓 , 浜烘皯鏂囧鍑虹増绀?, 2000-9 , 26.50鍏?8.9,灏忓ぉ鐙兼槦甯冭幈鍏?
鐩€?https://book.douban.com/subject/3995526/,榫欏簲鍙?, 鐢熸椿路璇讳功路鏂扮煡涓夎仈涔﹀簵 , 2009-10 , 39.00鍏?8.7,涓嶅繀杩?
鎯呬汉,https://book.douban.com/subject/1400705/,[娉昡 鐜涙牸涓界壒路鏉滄媺鏂?, 涓婃捣璇戞枃鍑虹増绀?, 2005-7 , 20.00鍏?8.1,鎴戝凡缁忚€佷簡锛屼綘鍛紵
鍝堝埄路娉㈢壒涓庡瘑瀹?https://book.douban.com/subject/1039487/,[鑻盷 J. K. 缃楃惓 , 浜烘皯鏂囧鍑虹増绀?, 2000-9 , 22.00鍏?8.9,娓愬叆浣冲锛岄瓟娉曚笘鐣屽叏璨屽垵鐜?
涓囧巻鍗佷簲骞?https://book.douban.com/subject/1041482/,[缇嶿 榛勪粊瀹?, 鐢熸椿路璇讳功路鏂扮煡涓夎仈涔﹀簵 , 1997-5 , 18.00鍏?8.9,瑙佸井鐭ヨ憲锛屽巻鍙茶鐨勯瑕?
鎴戜滑浠?https://book.douban.com/subject/1023045/,鏉ㄧ粵 , 鐢熸椿路璇讳功路鏂扮煡涓夎仈涔﹀簵 , 2003-7 , 18.80鍏?8.7,骞虫贰锛屽潥蹇嶏紝娓╂儏
骞诲煄,https://book.douban.com/subject/1059406/,閮暚鏄?, 鏄ラ鏂囪壓鍑虹増绀?, 2003-1 , 28.00鍏?7.0,濡備粖鐨勫皬鍥涘凡缁忔棤娉曡瘎浠凤紝寰€浜嬬姽鍙拷
鑷存垜浠粓灏嗛€濆幓鐨勯潚鏄?https://book.douban.com/subject/2209098/,杈涘し鍧?, 鏈濆崕鍑虹増绀?, 2007-8 , 25.00鍏?7.8,闈掓槬鎬绘槸鐢ㄦ畫蹇嶇殑鏂瑰紡鎻愰啋浣犲畠宸查€€鍦?
1Q84 BOOK 1,https://book.douban.com/subject/4742918/,[鏃 鏉戜笂鏄ユ爲 , 鍗楁捣鍑虹増鍏徃 , 2010-5 , 36.00鍏?8.3,鏉戜笂鐨勯噹鏈涳紝娆㈣繋鏉ュ埌1Q84骞?
鐙煎浘鑵?https://book.douban.com/subject/1022060/,濮滄垘 , 闀挎睙鏂囪壓鍑虹増绀?, 2004-4 , 32.00鍏?8.3,鎴戜滑閮芥槸 鐙肩殑浼犱汉锛?
寰井涓€绗戝緢鍊惧煄,https://book.douban.com/subject/3879301/,椤炬极 , 姹熻嫃鏂囪壓鍑虹増绀?, 2009-8 , 25.00,8.0,涓€鍦虹洓澶х殑鎰忔帆
鐙敱鍥紙绗竴杈戯級,https://book.douban.com/subject/4886245/,闊╁瘨 涓荤紪 , 涔︽捣鍑虹増绀?, 2010-7-6 , 16.00鍏?7.8,鐙敱鐨勪汉澶氫簡锛屼篃渚挎垚浜嗗洟
鑾茶姳,https://book.douban.com/subject/1529893/,瀹夊Ξ瀹濊礉 , 浣滃鍑虹増绀?, 2006-3 , 25.00鍏?8.0,涓変釜鐢熷懡鐨勪氦閫紝鐏甸瓍娓呭喎
鍝堝埄路娉㈢壒涓庣伀鐒版澂,https://book.douban.com/subject/1009257/,[鑻盷 J. K. 缃楃惓 , 浜烘皯鏂囧鍑虹増绀?, 2001-5 , 39.80鍏?9.0,鏁翠釜绯诲垪鐨勫垎姘村箔锛屾殫鑹叉笎娴?
杈瑰煄,https://book.douban.com/subject/1057244/,娌堜粠鏂?, 鍖楀渤鏂囪壓鍑虹増绀?, 2002-4 , 12.00鍏?8.6,濡傛按涓€鑸殑蹇ф剚涓庢€呮儤
鏈堜寒鍜屽叚渚垮＋,https://book.douban.com/subject/1858513/,[鑻盷 姣涘 , 涓婃捣璇戞枃鍑虹増绀?, 2006-8 , 15.00鍏?9.0,鏈夊灏戜汉浼氱粡鍘嗛】鎮燂紝灏辨湁鏇村皯鐨勪汉鐢樻効鑷垜鏀鹃€?
鍚戝乏璧奥峰悜鍙宠蛋,https://book.douban.com/subject/1066462/,骞剧背 , 鐢熸椿路璇讳功路鏂扮煡涓夎仈涔﹀簵 , 2002-8 , 16.00鍏?8.4,涓ゆ潯骞宠绾跨浉閬囩殑鍙兘
娲荤潃,https://book.douban.com/subject/4913064/,浣欏崕 , 浣滃鍑虹増绀?, 2012-8 , 20.00鍏?9.3,鐢熺殑鑻﹂毦涓庝紵澶?
绌嗘柉鏋楃殑钁ぜ,https://book.douban.com/subject/1082334/,闇嶈揪 , 鍖椾含鍗佹湀鏂囪壓鍑虹増绀?, 1988-12-1 , 32.00,8.2,鏃朵唬鐑欏嵃椴滄槑鐨勬皯鏃忓彶璇?
浠庝綘鐨勫叏涓栫晫璺繃,https://book.douban.com/subject/25747921/,寮犲槈浣?, 婀栧崡鏂囪壓鍑虹増绀?, 2013-11-1 , CNY 39.80,7.1,鎴充腑浜嗙幇浠ｄ汉鐨勬煇浜涙煍杞箣澶?
鎮蹭激閫嗘祦鎴愭渤,https://book.douban.com/subject/2062200/,閮暚鏄?, 闀挎睙鏂囪壓鍑虹増绀?, 2007-5 , 24.00鍏?6.2,灏戝勾涓嶈瘑鎰佹粙鍛?
鎭舵剰,https://book.douban.com/subject/3646172/,[鏃 涓滈噹鍦惥 , 鍗楁捣鍑虹増鍏徃 , 2009-6 , 18.00,8.4,鏃犵紭鐢辩殑鎭紝鍐板喎褰婚
澶╅緳鍏儴,https://book.douban.com/subject/1255625/,閲戝焊 , 涓夎仈涔﹀簵 , 1994-5 , 96.0,9.1,鈥滄湁鎯呯殕瀛斤紝鏃犱汉涓嶅啢鈥?
鏀惧鍚?https://book.douban.com/subject/4074636/,[鏃涓滈噹鍦惥 , 鍗楁捣鍑虹増鍏徃 , 2010-1 , 20.00鍏?7.6,涓滈噹鍦惥澶勫コ浣?
Harry Potter and the Deathly Hallows,https://book.douban.com/subject/1975797/,J.K.Rowling , Arthur A. Levine Books , 2007-7-21 , 34.99缇庡厓,8.9,final episode
闀垮畨涔?https://book.douban.com/subject/1049219/,闊╁瘨 , 涓浗闈掑勾鍑虹増绀?, 2004-8 , 20.00鍏?7.4,闊╁皯涔熶細鍊熷彜鍠讳粖浜?
鍝堝埄路娉㈢壒涓庢贩琛€鐜嬪瓙,https://book.douban.com/subject/1432596/,[鑻盷 J. K. 缃楃惓 , 浜烘皯鏂囧鍑虹増绀?, 2005-10 , 58.00鍏?8.8,鎰熸儏绾跨悍涔辩殑涓€閮ㄣ€傚啀瑙侀倱甯冨埄澶?
涓€涓汉鐨勫ソ澶╂皵,https://book.douban.com/subject/2250587/,[鏃 闈掑北涓冩儬 , 涓婃捣璇戞枃鍑虹増绀?, 2007-9 , 15.00鍏?7.6,鍐棩鏆栭槼鐨勬俯鐓︽劅
鑻忚彶鐨勪笘鐣?https://book.douban.com/subject/1045818/,锛堟尓濞侊級涔旀柉鍧β疯淳寰?, 浣滃鍑虹増绀?, 1999-04 , 26.80鍏?8.5,鏈€骞虫槗杩戜汉鐨勫摬瀛﹀叆闂?
璁镐笁瑙傚崠琛€璁?https://book.douban.com/subject/1029791/,浣欏崕 , 鍗楁捣鍑虹増鍏徃 , 1998-9 , 16.80鍏?8.7,浣欏崕鐨勬偛鍑夛紝閮藉湪閭ｄ竴纰楃倰鐚倽閲屼簡
1995-2005澶忚嚦鏈嚦,https://book.douban.com/subject/1049189/,閮暚鏄?, 鏄ラ鏂囪壓鍑虹増绀?, 2005-2 , 24.00鍏?7.3,褰撻潚鏄ラ亖鍏ユ閫?
鎾掑搱鎷夌殑鏁呬簨,https://book.douban.com/subject/1361264/,涓夋瘺 , 鐨囧啝鍑虹増绀?, 1976 , 160 TWD,9.0,鍏充簬婕傛硦鐨勪竴鍒?
鐩楀绗旇,https://book.douban.com/subject/1948901/,鍗楁淳涓夊彅 , 涓浗鍙嬭皧鍑虹増鍏徃 , 2007-1 , 26.80鍏?8.3,鎯宠薄濂囪鐨勫ぇ鍨婻PG娓告垙
闇嶄贡鏃舵湡鐨勭埍鎯?https://book.douban.com/subject/10594787/,[鍝ヤ鸡姣斾簹] 鍔犺タ浜毬烽┈灏斿厠鏂?, 鍗楁捣鍑虹増鍏徃 , 2012-9-1 , 39.50鍏?9.0,涔夋棤鍙嶉【鍦扮洿杈剧埍鎯呯殑鏍稿績
鍝堝埄路娉㈢壒涓庡嚖鍑扮ぞ,https://book.douban.com/subject/1013129/,[鑻盷 J. K. 缃楃惓 , 浜烘皯鏂囧鍑虹増绀?, 2003-9 , 59.00鍏?8.7,鏆磋劸姘旂殑鍝堝埄
鍠滃疂,https://book.douban.com/subject/2022979/,浜﹁垝 , 鏂颁笘鐣屽嚭鐗堢ぞ , 2007-2 , 22.00鍏?8.1,鐖辨儏鎵嶆槸缁堟瀬鐨勫ア渚堝搧
宀涗笂涔﹀簵,https://book.douban.com/subject/26340138/,[缇嶿 鍔犅锋辰鏂?, 姹熻嫃鍑ゅ嚢鏂囪壓鍑虹増绀?, 2015-5 , CNY 35.00,7.6,鐖变功鐨勪汉浠庝笉瀛ょ嫭
涓夌敓涓変笘 鍗侀噷妗冭姳,https://book.douban.com/subject/3426869/,鍞愪竷鍏瓙 , 娌堥槼鍑虹増绀?, 2009-1 , 26.80,7.9,澶ч鍒繃鏈夎瘽瑕佽
娴疯竟鐨勫崱澶崱,https://book.douban.com/subject/1059419/,[鏃 鏉戜笂鏄ユ爲 , 涓婃捣璇戞枃鍑虹増绀?, 2003-4 , 25.00鍏?8.1,鑳岃礋璇呭拻鐨勫皯骞达紝骞宠涓栫晫涓殑濂ュ痉璧?
鏂囧寲鑻︽梾,https://book.douban.com/subject/1050339/,浣欑闆?, 涓滄柟鍑虹増涓績 , 2001-4 , 22.00鍏?7.8,鈥滃巻鍙叉枃鍖栨暎鏂団€?
鍩虹潱灞变集鐖?https://book.douban.com/subject/1085860/,澶т徊椹?, 涓婃捣璇戞枃鍑虹増绀?, 1991-12-1 , 43.90鍏?9.0,瀹岀編鐨勫浠囷紝閲戝焊鐢ㄦ硶璇啓浣滃簲璇ュ氨鏄繖鏍?
绐楄竟鐨勫皬璞嗚眴,https://book.douban.com/subject/1007914/,[鏃 榛戞煶褰诲瓙 钁?, 鍗楁捣鍑虹増鍏徃 , 2003-1 , 20.00鍏?8.7,鐪熸鎳傚瀛愮殑鏁欒偛缁?
涓夊浗婕斾箟锛堝叏浜屽唽锛?https://book.douban.com/subject/1019568/,[鏄嶿 缃楄疮涓?, 浜烘皯鏂囧鍑虹増绀?, 1998-05 , 39.50鍏?9.2,鏄潪鎴愯触杞ご绌?
榛勯噾鏃朵唬,https://book.douban.com/subject/1089243/,鐜嬪皬娉?, 鑺卞煄鍑虹増绀?, 1999-3 , 19.00鍏?8.8,鑳芥妸鎬х埍鍐欏緱濡傛鍧﹁崱鐨勶紝澶ф鍙湁鐜嬩簩浜?
鎮熺┖浼?https://book.douban.com/subject/1003000/,浠婁綍鍦?, 鍏夋槑鏃ユ姤鍑虹増绀?, 2001-4 , 14.80鍏?8.4,鐚村瓙杩樻槸閭ｄ釜鐚村瓙锛屼笘鐣屾棭宸蹭笉鏄師鏉ョ殑涓栫晫
鍏勫紵锛堜笂锛?https://book.douban.com/subject/1401425/,浣欏崕 , 涓婃捣鏂囪壓鍑虹増绀?, 2005-8 , 16.00鍏?8.3,鍘嗗彶鑻﹂毦涓殑涓汉鐏惧彉
鍛煎暩灞卞簞,https://book.douban.com/subject/1119522/,鑹剧背鑾壜峰媰鏈楃壒 , 浜烘皯鏂囧鍑虹増绀?, 1999-1 , 27.30鍏?8.4,杩戜箮鏆磋檺鐨勭埍涓庢仺锛屼腑鏂囪瘧鍚嶅悗鏃犳潵鑰?
绗戝偛姹熸箹锛堝叏鍥涘唽锛?https://book.douban.com/subject/1002299/,閲戝焊 , 鐢熸椿路璇讳功路鏂扮煡涓夎仈涔﹀簵 , 1994-5 , 76.80鍏?9.0,姝︿緺鐨勫３锛屾斂娌绘枟浜夌殑鏍?
灏戞湁浜鸿蛋鐨勮矾,https://book.douban.com/subject/1775691/,[缇嶿 M路鏂鐗孤锋淳鍏?, 鍚夋灄鏂囧彶鍑虹増绀?, 2007-1 , 26.00鍏?8.4,鎴愮啛鐨勫績鏅洪€氬悜鏇村畬鍠勭殑鑷垜
姘戜富鐨勭粏鑺?https://book.douban.com/subject/3813669/,鍒樼憸 , 涓婃捣涓夎仈涔﹀簵 , 2009-6 , 25.00,8.6,鍏皯鍏绘垚鎵嬪唽
浜茬埍鐨勫畨寰风儓,https://book.douban.com/subject/3369793/,榫欏簲鍙?, 浜烘皯鏂囧鍑虹増绀?, 2008-12 , 26.00,8.7,榫欏簲鍙版瘝瀛愬璇濓紝涓や唬浜虹殑鎬濇兂纰版挒
鐏跨儌鍗冮槼,https://book.douban.com/subject/2143732/,[缇嶿 鍗″嫆寰仿疯儭璧涘凹 , 涓婃捣浜烘皯鍑虹増绀?, 2007-9 , 28.00鍏?8.8,鍞湁甯屾湜涓庣埍鍙互椹辨暎闃撮溇
鑰佷汉涓庢捣,https://book.douban.com/subject/1064275/,娴锋槑濞?, 涓婃捣璇戞枃鍑虹増绀?, 1999-10 , 8.20鍏?8.3,姝ｆ槸鎮插．璧嬩簣鐢熸椿浠ユ剰涔?
閬囪鏈煡鐨勮嚜宸?https://book.douban.com/subject/2340100/,寮犲痉鑺?, 鍗庡鍑虹増绀?, 2008-1 , 29.00,8.1,閮藉競鐏典慨閫熸垚
涓€涔濆叓鍥浡峰姩鐗╁啘鍦?https://book.douban.com/subject/1082387/,[鑻盷 涔旀不路濂ュ▉灏?, 涓婃捣璇戞枃鍑虹増绀?, 2003-4 , 23.00鍏?9.3,涓€涓瑷€鍜屼竴涓瘬瑷€锛屼护浜虹獟鎭殑鏀挎不鎭愭€?
鐗х緤灏戝勾濂囧够涔嬫梾,https://book.douban.com/subject/3608208/,[宸磋タ]淇濈綏路鏌壘鐣?, 鍗楁捣鍑虹増鍏徃 , 2009-3-1 , 25.00鍏?8.6,浣犺嚜宸卞氨鏄渶澶х殑瀹濊棌
绂忓皵鎽╂柉鎺㈡鍏ㄩ泦锛堜笂涓笅锛?https://book.douban.com/subject/1040211/,[鑻盷 闃柯锋煰鍗楅亾灏?, 1981-8 , 53.00鍏?68.00鍏?9.2,渚︽帰灏忚榧荤
灏忔椂浠?.0鎶樼焊鏃朵唬,https://book.douban.com/subject/3191328/,閮暚鏄?, 闀挎睙鏂囪壓鍑虹増绀?, 2008-10 , 29.80鍏?6.5,娓╀範浜嗗緢澶氬ア渚堝搧鍝佺墝鍚嶇О
娲涗附濉?https://book.douban.com/subject/1465324/,[缇嶿 寮楁媺鍩虹背灏斅风撼鍗氱澶?, 涓婃捣璇戞枃鍑虹増绀?, 2005-12 , 27.00鍏?7.7,鎴戠殑鐢熷懡涔嬪厜锛屾垜鐨勬鏈涗箣鐏?
鐧惧勾瀛ょ嫭,https://book.douban.com/subject/1786670/,[鍝ヤ鸡姣斾簹] 鍔犺タ浜毬烽┈灏斿厠鏂?, 涓婃捣璇戞枃鍑虹増绀?, 1989-10 , 12.70鍏?8.9,鎷変竵缇庢床鍦ｇ粡
1Q84 BOOK 2,https://book.douban.com/subject/4885241/,[鏃 鏉戜笂鏄ユ爲 , 鍗楁捣鍑虹増鍏徃 , 2010-6 , 36.00鍏?8.4,鎯呰妭閾哄睍娓愭娓呮槑锛岄珮娼簭鏇?
绱犲勾閿︽椂,https://book.douban.com/subject/2256438/,瀹夊Ξ瀹濊礉 , 浣滃鍑虹増绀?, 2007-9 , 27.00鍏?7.8,鍛㈠杻鑷锛屾竻绠€鑷寔
鎯呬功,https://book.douban.com/subject/1080370/,[鏃 宀╀簳淇婁簩 , 澶╂触浜烘皯鍑虹増绀?, 2004-7 , 18.00鍏?8.6,涓€鍦鸿浼氫腑鐨勪袱娈电埍鎯咃紝涓滄柟寮忕殑鍚搫闅愬繊
绗竴娆＄殑浜插瘑鎺ヨЕ,https://book.douban.com/subject/1024217/,钄℃櫤鎭?, 鐭ヨ瘑鍑虹増绀?, 1999-11-1 , 12.80,7.4,閭ｆ椂鍊欙紝鍘婚害褰撳姵绾︿細杩樺緢楂樼鈥︹€?
绁為洉渚犱荆,https://book.douban.com/subject/1255624/,閲戝焊 , 鐢熸椿路璇讳功路鏂扮煡涓夎仈涔﹀簵 , 1994-5 , 76.8,8.8,鑷虫儏鑷虫€э紝鎯呭ぇ浜庢
涓€搴у煄姹?https://book.douban.com/subject/1453210/,闊╁瘨 , 浜屽崄涓€涓栫邯鍑虹増绀?, 2006-1 , 19.90鍏?7.4,鍙兘鏄煩瀵掓渶濂界瑧鐨勫皬璇?
鑼惰姳濂?https://book.douban.com/subject/1013380/,灏忎徊椹?, 澶栧浗鏂囧鍑虹増绀?, 1997-3 , 9.00鍏?8.2,濡撳コ搴斿綋鎷ユ湁鐖辨儏鍚楋紵
楹︾敯閲岀殑瀹堟湜鑰?https://book.douban.com/subject/1082518/,[缇庡浗] J. D. 濉炴灄鏍?, 璇戞灄鍑虹増绀?, 1997-2 , 7.80鍏?7.9,濉炴灄鏍肩殑楹︾敯閲岋紝鍒板鏄潬钀界殑闈掓槬
浠栫殑鍥?https://book.douban.com/subject/3394338/,闊╁瘨 , 涓囧嵎鍑虹増鍏徃 , 2009-1 , 25.00鍏?7.5,鎬绘湁鍏夎姃灏嗕綘寮曞鍒版竻婢堢殑鍦版柟
褰煎哺鑺?https://book.douban.com/subject/1065970/,瀹夊Ξ瀹濊礉 , 鍗楁捣鍑虹増鍏徃 , 2001-9 , 20.00鍏?7.8,瀹夊Ξ瀹濊礉绗竴閮ㄩ暱绡囷紝鐜板疄涓庤櫄鏋勭殑閲嶅悎
瑗垮喅,https://book.douban.com/subject/3598313/,绗涘畨 , 闀挎睙鏂囪壓鍑虹増绀?, 2009-3 , 22.80鍏?7.9,鏃犲叧椋庢湀鐨勯潪鍏稿瀷闈掓槬灏忚
涓滄柟蹇溅璋嬫潃妗?https://book.douban.com/subject/1827374/,[鑻盷 闃垮姞鑾幝峰厠閲屾柉钂?, 浜烘皯鏂囧鍑虹増绀?, 2006-5 , 18.00鍏?9.0,璋嬫潃璇¤鎯婁汉锛屾尝娲涚殑鎶夋嫨鑰愪汉瀵诲懗
鎸▉鐨勬．鏋?https://book.douban.com/subject/2159042/,[鏃 鏉戜笂鏄ユ爲 , 涓婃捣璇戞枃鍑虹増绀?, 2007-7 , 23.00鍏?8.5,鍒濊鏄壊鎯咃紝鍐嶈鏄埍鎯咃紝涓夎鏄笘鎯?
杩欎簺閮芥槸浣犵粰鎴戠殑鐖?https://book.douban.com/subject/4714734/,鏂囷細瀹変笢灏?, 闀挎睙鏂囪壓鍑虹増绀?, 2010-3 , 24.80鍏?8.4,鍙█鐗囪鐨勬俯鏆?
杩欎簺浜猴紝閭ｄ簺浜?https://book.douban.com/subject/6388661/,鍚村康鐪?, 璇戞灄鍑虹増绀?, 2011-9 , 28.00鍏?8.8,骞虫贰鍙欒堪涓嬬殑鎯婂績鍔ㄩ瓌
鍏湀鏈ぎ,https://book.douban.com/subject/1029159/,瀹夊Ξ瀹濊礉 , 浣滃鍑虹増绀?, 2001-1 , 16.00鍏?7.5,鍏湀鏄竴闃靛椋庯紝鐢熷懡鏄竴鍦哄够瑙?
褰撴垜璋堣窇姝ユ椂鎴戣皥浜涗粈涔?https://book.douban.com/subject/3369600/,[鏃 鏉戜笂鏄ユ爲 , 鍗楁捣鍑虹増鍏徃 , 2009-1 , 25.00,8.1,鏉戜笂鍚屽織鍛婅瘔鎴戜滑锛岃韩浣撴槸闈╁懡鐨勬湰閽?
鏄庢湞閭ｄ簺浜嬪効锛堣窗锛?https://book.douban.com/subject/1949338/,褰撳勾鏄庢湀 , 涓浗鍙嬭皧鍑虹増鍏徃 , 2007-1 , 24.80,8.9,涓囧浗鏉ユ湞涓庡寳浜繚鍗垬锛岀噧
娓呴啋绾?https://book.douban.com/subject/1030052/,瀹夊Ξ瀹濊礉 , 澶╂触浜烘皯鍑虹増绀?, 2004-10 , 22.00鍏?7.9,閬楀繕灏卞拰璁板緱涓€鏍锋槸閫佺粰褰兼鐨勭邯蹇?
涓€涓檶鐢熷コ浜虹殑鏉ヤ俊,https://book.douban.com/subject/2154960/,[濂 鏂彴鑺疯尐濞佹牸 , 涓婃捣璇戞枃鍑虹増绀?, 2007-7 , 20.00鍏?8.7,鏆楁亱鐨勬瀬鑷?
钄″悍姘哥殑璇磋瘽涔嬮亾,https://book.douban.com/subject/5317075/,钄″悍姘?钁?, 娌堥槼鍑虹増绀?, 2010-10 , 25.00鍏?7.2,浼氳璇濈殑浜鸿繍姘旈兘涓嶄細澶樊
鍋峰奖瀛愮殑浜?https://book.douban.com/subject/10763902/,(娉?椹厠路鏉庣淮 , 婀栧崡鏂囪壓鍑虹増绀?, 2012-6-20 , 29.80鍏?7.8,涓哄伔鏉ョ殑褰卞瓙鎵惧埌鍏夎姃
闄畨涓滃凹搴﹁繃婕暱宀佹湀,https://book.douban.com/subject/3014576/,瀹変笢灏?, 闀挎睙鏂囪壓鍑虹増绀?, 2008-3 , 18.00,8.4,鐪熸鐨勭墖娈靛紡鍐欎綔
娌夐粯鐨勫ぇ澶氭暟,https://book.douban.com/subject/1054685/,鐜嬪皬娉?, 涓浗闈掑勾鍑虹増绀?, 1997-10 , 27.00鍏?9.1,娌夐粯鏄矇榛樿€呯殑閫氳璇?
鐧介箍鍘?https://book.douban.com/subject/1085799/,闄堝繝瀹?, 浜烘皯鏂囧鍑虹増绀?, 1997骞?, 28.00鍏?8.6,涓浗涔℃潙鍙茶瘲
鑺掓灉琛椾笂鐨勫皬灞?https://book.douban.com/subject/1794620/,[缇庡浗] 妗戝痉鎷壜峰笇鏂唴缃椾笣 , 璇戞灄鍑虹増绀?, 2006-6 , 24.50鍏?7.8,閭ｄ簺寰皹鑸紓娴殑鐢熸椿
缇婅剛鐞?https://book.douban.com/subject/1205370/,锛堟硶锛夎帿娉婃 , 鍖椾含鐕曞北鍑虹増绀?, 2007-6 , 13.50鍏?8.1,璧勪骇闃剁骇鐨勯亾璨屽哺鐒?
椴佹花閫婃紓娴佽,https://book.douban.com/subject/1016003/,[鑻盷 绗涚 , 骞胯タ姘戞棌鍑虹増绀?, 2002-1 , 9.20鍏?8.0,鏈€鏃╃殑鑽掗噹姹傜敓
鐏岀楂樻墜31,https://book.douban.com/subject/1221515/,[鏃 浜曚笂闆勫溅 , 闀挎槬鍑虹増绀?, 2005-1 , 7.50鍏?9.5,鍏ㄥ墽缁?
鎾掑搱鎷夌殑鏁呬簨,https://book.douban.com/subject/1060068/,涓夋瘺 , 鍝堝皵婊ㄥ嚭鐗堢ぞ , 2003-8 , 15.80鍏?9.2,娓歌崱鐨勮嚜鐢辩伒榄?
宸撮粠鍦ｆ瘝闄?https://book.douban.com/subject/1024197/,[娉昡闆ㄦ灉 , 浜烘皯鏂囧鍑虹増绀?, 1982-6 , 22.50鍏?8.3,娼滆棌浜庢畫缂轰笅鐨勭編涓庡磭楂?
鑲栫敵鍏嬬殑鏁戣祹,https://book.douban.com/subject/1829226/,[缇嶿 鏂拏鑺烽噾 , 浜烘皯鏂囧鍑虹増绀?, 2006-7 , 29.90鍏?9.1,甯屾湜璁╀汉鑷敱锛岀數褰卞疄鍦ㄥお鏈夊悕
楹︾敯閲岀殑瀹堟湜鑰?https://book.douban.com/subject/2053249/,[缇庡浗] J. D. 濉炴灄鏍?, 璇戞灄鍑虹増绀?, 2007-3 , 28.00鍏?8.1,鍙嶈嫳闆勯湇灏旈】鐨勪竴鐢?
鏃犲０鍛婄櫧,https://book.douban.com/subject/26382433/,[缇嶿 浼嶇划璇?, 姹熻嫃鍑ゅ嚢鏂囪壓鍑虹増绀?, 2015-7 , 35.00鍏?8.2,鑾夎开浜氭浜嗭紝鍙粬浠繕涓嶇煡閬?
瀚岀枒浜篨鐨勭尞韬?https://book.douban.com/subject/4117922/,锛堟棩锛変笢閲庡湱鍚?, 鍗楁捣鍑虹増鍏徃 , 2009骞?1鏈?, 19.80鍏?9.0,涓滈噹璇达紝杩欐槸鏈€绾补鐨勭埍鎯?
灞辨鏍戜箣鎭?https://book.douban.com/subject/2243213/,鑹剧背 , 姹熻嫃鏂囪壓鍑虹増绀?, 2007-9 , 25.00鍏?7.8,鏄庡噣鍗曠函
鍗庤儱寮曪紙鍏ㄤ簩鍐岋級,https://book.douban.com/subject/5916880/,鍞愪竷鍏瓙 , 鐜颁唬鍑虹増绀?, 2011-1 , 39.80鍏?8.5,鐜板疄涓嶅姊︿腑鐨勫渾婊?
鍦颁笅閾?https://book.douban.com/subject/1056733/,骞剧背 , 杈藉畞鏁欒偛鍑虹増绀?, 2002-2 , 32.00鍏?8.3,榛戞殫涓栫晫涓殑鐐规淮浜厜
涓斿惉椋庡悷,https://book.douban.com/subject/1039752/,[鏃 鏉戜笂鏄ユ爲 , 涓婃捣璇戞枃鍑虹増绀?, 2001-8 , 11.80鍏?7.8,鎴戜滑閫氳繃瀛ょ嫭涓庝笘鐣屾矡閫?
閽㈤搧鏄€庢牱鐐兼垚鐨?https://book.douban.com/subject/1013502/,[鑻廬 灏悸峰ゥ鏂壒娲涘か鏂熀 , 璇戞灄鍑虹増绀?, 1996-10 , 20.00鍏?7.6,婵€鎯呯噧鐑х殑宀佹湀锛岀壒娈婂勾浠ｇ殑缁忓吀
绾㈢帿鐟颁笌鐧界帿鐟?https://book.douban.com/subject/1014278/,寮犵埍鐜?, 鑺卞煄鍑虹増绀?, 1996-06 , 12.80鍏?8.4,铓婂瓙琛€杩樻槸楗粡瀛愶紵
浜虹敓鑻ュ彧濡傚垵瑙?https://book.douban.com/subject/1856285/,瀹夋剰濡?, 澶╂触鏁欒偛鍑虹増绀?, 2006-8 , 23.80鍏?7.2,鏄€滀綍浜嬬椋庢偛鐢绘墖鈥濓紝涓嶆槸瑗块
浜洪棿澶辨牸,https://book.douban.com/subject/4011670/,澶娌?, 鍚夋灄鍑虹増闆嗗洟鏈夐檺璐ｄ换鍏徃 , 2009骞?鏈?, 16.00鍏?8.3,浠や汉鏃犱粠鎬滄偗鐨勭粷鏈?
楝煎惞鐏箣绮剧粷鍙ゅ煄,https://book.douban.com/subject/1882933/,澶╀笅闇稿敱 , 瀹夊窘鏂囪壓鍑虹増绀?, 2006 , 25.0,8.1,鐩楀绁栧笀鍚嶄笉铏氫紶
瀹夊緬鐢熺璇濇晠浜嬮泦,https://book.douban.com/subject/1046209/,锛堜腹楹︼級瀹夊緬鐢?, 浜烘皯鏂囧鍑虹増绀?, 1997-08 , 25.00,9.2,杩滀笉鏄璇濋偅涔堢畝鍗?
鍛愬枈,https://book.douban.com/subject/1449351/,椴佽繀 , 浜烘皯鏂囧鍑虹増绀?, 1973骞?鏈?, 0.36鍏?8.8,鏂版枃瀛︾殑绗竴澹板憪鍠?
灏忓洟鍦?https://book.douban.com/subject/3616310/,寮犵埍鐜?, 鍖椾含鍗佹湀鏂囪壓鍑虹増绀?, 2009-4 , 28.00,7.6,鑷紶鎬т綔鍝侊紝鍥㈠渾鍙瓨鍦ㄥ够鐏箣涓?
娉℃搏涔嬪,https://book.douban.com/subject/1596305/,鏄庢檽婧?, 鏂颁笘鐣屽嚭鐗堢ぞ , 2006-3 , 20.00鍏?6.9,闇搁亾鎬昏鐖变笂鎴?
浼氭湁澶╀娇鏇挎垜鐖变綘,https://book.douban.com/subject/1291760/,鏄庢檽婧?, 鏂颁笘鐣屽嚭鐗堢ぞ , 2005-5 , 20.00鍏?6.6,鐞嗘兂鍖?
1984,https://book.douban.com/subject/4820710/,[鑻盷 涔旀不路濂ュ▉灏?, 鍖椾含鍗佹湀鏂囪壓鍑虹増绀?, 2010-4-1 , 28.00,9.3,鏍楁爲鑽笅锛屾垜鍑哄崠浣狅紝浣犲嚭鍗栨垜
骞村崕鏄棤鏁堜俊,https://book.douban.com/subject/1227838/,钀借惤 , 鏄ラ鏂囪壓鍑虹増绀?, 2005-2 , 20.00鍏?7.6,濂崇敓闂寸殑寰鍙嬭皧
骞诲,https://book.douban.com/subject/4009552/,銆旀棩銆曚笢閲庡湱鍚?, 鍗楁捣鍑虹増鍏徃 , 2009骞?鏈?, 28.00鍏?7.5,銆婄櫧澶滆銆嬬画绡囷紝鎭剁殑骞诲鍚炲櫖涓€鍒?
鍦ㄨ矾涓?https://book.douban.com/subject/1917972/,[缇嶿 鏉板厠路鍑瞾浜氬厠 , 涓婃捣璇戞枃鍑虹増绀?, 2006-10 , 28.00鍏?7.8,鎴戜滑闈炲幓涓嶅彲锛屽湪鍒拌揪涔嬪墠锛屾案涓嶅仠姝?
灏勯洉鑻遍泟浼狅紙鍏ㄥ洓鍐岋級,https://book.douban.com/subject/1044547/,閲戝焊 , 鐢熸椿路璇讳功路鏂扮煡涓夎仈涔﹀簵 , 1999-04 , 47.00鍏?8.9,渚犱箣澶ц€咃紝涓哄浗涓烘皯
鏄庢湞閭ｄ簺浜嬪効锛?-9锛?https://book.douban.com/subject/3674537/,褰撳勾鏄庢湀 , 涓浗娴峰叧鍑虹増绀?, 2009-4 , 358.20鍏?9.1,涓嶆嫎涓€鏍肩殑鍘嗗彶涔﹀啓
鏈堜寒蹇樿浜?https://book.douban.com/subject/1358873/,骞剧背 , 鏍兼灄 , 2000-2-1 , NT$ 299,8.6,鏈堟槑鏄熺█鐨勬櫄涓婏紝鐪嬩笉瑙佺殑锛岀湅瑙佷簡
鏄庢湞閭ｄ簺浜嬪効锛堝弫锛?https://book.douban.com/subject/2052448/,褰撳勾鏄庢湀 , 涓浗鍙嬭皧鍑虹増鍏徃 , 2007-4 , 24.80,8.9,鍦ｄ汉鑸殑鐜嬪畧浠侊紝澶уū涔愬鏈卞帤鐓?
鍝常鐨勯獑椹?https://book.douban.com/subject/1029111/,涓夋瘺 , 鍝堝皵婊ㄥ嚭鐗堢ぞ , 2003-6 , 15.80鍏?8.9,娌欐紶涓甯哥殑鐢熶笌姝?
鍘熸潵浣犺繕鍦ㄨ繖閲?https://book.douban.com/subject/2331434/,杈涘し鍧?, 鏈濆崕鍑虹増绀?, 2007-10 , 25.00鍏?7.6,杩樺湪鐨勫彧鏈夊洖蹇?
鍗婄敓缂?https://book.douban.com/subject/1963684/,寮犵埍鐜?, 鍖椾含鍗佹湀鏂囪壓鍑虹増绀?, 2006-12 , 28.00鍏?8.6,涓栭挧锛屾垜浠洖涓嶅幓浜?
姝ら棿鐨勫皯骞?https://book.douban.com/subject/1020459/,姹熷崡 , 鍗庢枃鍑虹増绀?, 2004-1 , 25.00鍏?8.4,璞＄墮濉旈噷鐨勯噾搴哥兢渚?
璐у竵鎴樹簤,https://book.douban.com/subject/2081876/,瀹嬮缚鍏?缂栬憲 , 涓俊鍑虹増绀?, 2007-6 , 38.00鍏?7.2,鏃犳墍涓嶈兘鐨勭綏鏂煷灏斿痉瀹舵棌
浣虫湡濡傛ⅵ,https://book.douban.com/subject/1962929/,鍖垜鎬濆瓨 , 鏂颁笘鐣屽嚭鐗堢ぞ , 2007-2 , 20.00鍏?7.9,鐜涗附鑻忔垚浜虹璇?
浜虹被绠€鍙?https://book.douban.com/subject/25985021/,[浠ヨ壊鍒梋灏ょ摝灏斅疯但鎷夊埄 , 涓俊鍑虹増绀?, 2014-11-1 , CNY 68.00,9.1,绌?
鏃犱汉鐢熻繕,https://book.douban.com/subject/3006581/,[鑻盷 闃垮姞鑾庛兓鍏嬮噷鏂拏 , 浜烘皯鏂囧鍑虹増绀?, 2008-3 , 19.00,8.9,绔ヨ埃鏉€浜烘
涓€鍊嬩汉浣忕5骞?https://book.douban.com/subject/1346815/,楂樻湪鐩村瓙 , 澶х敯 , 2004-12-1 , NT$220,8.4,鐙眳鐢熸椿涔嬩箰
浜嗕笉璧风殑鐩栬尐姣?https://book.douban.com/subject/1008988/,鑿茶尐鏉版媺寰?, 浜烘皯鏂囧鍑虹増绀?, 2004-06 , 12.00鍏?8.3,姊︼紝灏卞儚榛涜タ瀹剁殑閭ｄ竴缂曠豢鍏?
鏃堕棿鏃呰鑰呯殑濡诲瓙,https://book.douban.com/subject/2056749/,[缇嶿 濂ュ痉涓铰峰凹鑺牸 , 浜烘皯鏂囧鍑虹増绀?, 2007-4 , 29.90鍏?8.1,鍦ㄦ椂闂寸殑缂濋殭涓┛琛岋紝鐒跺悗鐩搁亣
鍛婂埆钖囧畨,https://book.douban.com/subject/1016523/,瀹夊Ξ瀹濊礉 , 涓浗绀句細绉戝鍑虹増绀?, 2000-1 , 19.00,7.5,涓冩湀涓庡畨鐢?
甯歌瘑,https://book.douban.com/subject/3344676/,姊佹枃閬?, 骞胯タ甯堣寖澶у鍑虹増绀?, 2009-1 , 38.00,8.1,鐚粰杩欎釜甯歌瘑绋€缂虹殑鏃朵唬
鐖变綘灏卞儚鐖辩敓鍛?https://book.douban.com/subject/3071717/,鐜嬪皬娉?, 涓婃捣閿︾唬鏂囩珷鍑虹増绀?, 2008-5 , 18.00鍏?8.8,鐜嬪皬娉笌鏉庨摱娌崇殑涓ゅ湴涔?
鎾掑搱鎷夌殑鏁呬簨,https://book.douban.com/subject/6710437/,涓夋瘺 , 鍖椾含鍗佹湀鏂囪壓鍑虹増绀?, 2011-1-7 , 24.00鍏?9.3,涓嶆瀴鏉ヨ繖涓栦笂璧颁竴閬?
姝ユ鎯婂績,https://book.douban.com/subject/1812439/,妗愬崕 , 姘戞棌鍑虹増绀?, 2006-6 , 25.00鍏?8.1,鐜颁笘澶嫤锛屼笉濡傜┛瓒婂洖鍘讳粠澶存潵杩?
鐨泭,https://book.douban.com/subject/26278687/,钄″磭杈?, 澶╂触浜烘皯鍑虹増绀?, 2014-12-1 , 39.80鍏?7.7,鐨泭涔嬩笅锛岄鑲夌浉杩?
浜屼笁浜?https://book.douban.com/subject/1058234/,瀹夊Ξ瀹濊礉 , 鍗楁捣鍑虹増鍏徃 , 2004-1 , 20.00鍏?7.7,鍏充簬閬楀繕鍜岃寰楃殑鏁呬簨
鍏勫紵锛堜笅锛?https://book.douban.com/subject/1703544/,浣欏崕 , 涓婃捣鏂囪壓鍑虹増绀?, 2006-3 , 27.00鍏?7.4,澶辨帶杈圭紭鐨勪笅閮紝浣嗚皝璇磋崚璇炲氨鏄笉鐪?
瀛ょ嫭鍏,https://book.douban.com/subject/4124727/,钂嬪媼 , 骞胯タ甯堣寖澶у鍑虹増绀?, 2009-10-1 , 36.00鍏?8.1,浣滀负涓€绉嶇編瀛︾殑瀛ょ嫭
涔屽悎涔嬩紬,https://book.douban.com/subject/1012611/,(娉?鍙ゆ柉濉斿か.鍕掑簽 , 涓ぎ缂栬瘧鍑虹増绀?, 1998-01 , 16.00鍏?8.3,缇ゆ皳蹇冪悊鍓栨瀽
鐩楀绗旇2,https://book.douban.com/subject/2057285/,鍗楁淳涓夊彅 , 涓浗鍙嬭皧鍑虹増鍏徃 , 2007-4 , 26.80鍏?8.2,绉﹀箔绁炴爲缁嗘€濇瀬鎭?
鏄庢湞閭ｄ簺浜嬪効锛堣倖锛?https://book.douban.com/subject/2253642/,褰撳勾鏄庢湀 , 涓浗鍙嬭皧鍑虹増鍏徃 , 2007-9 , 24.80,8.8,澶ф槑鏈濆綋鐪熷悕澹浜?
澶辨亱33澶?https://book.douban.com/subject/4238754/,椴嶉哺椴?, 涓俊鍑虹増绀?, 2010-1 , 25.00鍏?8.1,澶辨亱鏄竴绉嶇梾锛岀棅鎰堜箣鍚庣櫨姣掍笉渚?
鍔ㄧ墿鍐滃満,https://book.douban.com/subject/2035179/,[鑻盷 涔旀不路濂ュ▉灏?, 涓婃捣璇戞枃鍑虹増绀?, 2007-3 , 10.00鍏?9.2,澶槼搴曚笅骞舵棤鏂颁簨
宸﹁€?https://book.douban.com/subject/1469051/,楗堕洩婕?, 褰撲唬涓栫晫鍑虹増绀?, 2006-2 , 22.00鍏?7.0,褰撴椂鍙亾鏄甯?
楣块紟璁帮紙鍏ㄤ簲鍐岋級,https://book.douban.com/subject/1212893/,閲戝焊 , 骞垮窞鍑虹増绀?鑺卞煄鍑虹増绀?, 2008-3 , 108.00鍏?8.8,姝︿緺鐨勮В鏋勶紝娴佹皳鐨勭媯娆?
鑽嗘楦?https://book.douban.com/subject/1086249/,[婢砞 鑰冪惓路楹﹀崱娲?, 璇戞灄鍑虹増绀?, 1998-7 , 28.00鍏?8.6,婢虫床涔变笘鎯?
宸︽墜鍊掑奖锛屽彸鎵嬪勾鍗庛€?https://book.douban.com/subject/1006881/,閮暚鏄?, 涓婃捣璇戞枃鍑虹増绀?, 2003-5 , 16.00鍏?6.7,鏄庡獨鍟婃槑濯?
闆朵笅涓€搴?https://book.douban.com/subject/1034108/,闊╁瘨 , 涓婃捣浜烘皯鍑虹増绀?, 2000-08 , 12.00,7.2,闈掓槬鏈熶範浣?
鍍忓皯骞村暒椋為┌,https://book.douban.com/subject/1009160/,闊╁瘨 , 浣滃鍑虹増绀?, 2002-1 , 16.00鍏?7.3,灞炰簬灏戝勾鐨勬棩瀛愰椹拌€岃繃
瀵昏矾涓浗,https://book.douban.com/subject/5414391/,[缇嶿 褰煎緱路娴锋柉鍕?, 涓婃捣璇戞枃鍑虹増绀?, 2011-1 , 33.00鍏?9.0,涓浗鍦ㄨ矾涓婏紝闈炶櫄鏋勫啓浣滄墍鑳借揪鍒扮殑楂樺害
琚獫鏄潚鏄ョ殑鍧熷,https://book.douban.com/subject/2339950/,涓冨爣骞?, 闀挎睙鏂囪壓鍑虹増绀?, 2007-11 , 22.00鍏?7.7,鈥滆鏈夋渶鏈寸礌鐨勭敓娲伙紝涓庢渶閬ヨ繙鐨勬ⅵ鎯斥€?
鎴戜滑鍙版咕杩欎簺骞?https://book.douban.com/subject/4113090/,寤栦俊蹇?, 閲嶅簡鍑虹増闆嗗洟 , 2009-11 , 29.80鍏?7.4,骞虫皯瑙嗚涓嬬殑鍙版咕澶т簨璁?
1Q84 BOOK 3,https://book.douban.com/subject/5502995/,[鏃 鏉戜笂鏄ユ爲 , 鍗楁捣鍑虹増鍏徃 , 2011-1 , 39.50鍏?7.6,鍏滀簡涓€澶у湀锛屾潙涓婅繕鏄洖褰掍簡浠栫殑灏忕‘骞?
鍏充簬鑾夎帀鍛ㄧ殑涓€鍒?https://book.douban.com/subject/1926700/,[鏃 宀╀簳淇婁簩 , 澶╂触浜烘皯鍑虹増绀?, 2006-12 , 28.00鍏?7.7,娈嬮叿闈掓槬鐨勮壈闅惧懠鍚?
鏈哄櫒鐚搯鍟姊?3,https://book.douban.com/subject/1204889/,钘ゅ瓙銉籉銉讳笉浜岄泟 , 鍚夋灄缇庢湳鍑虹増绀?, 1999-12 , 8.00,9.5,婊℃弧鐨勫洖蹇?
闃縌姝ｄ紶,https://book.douban.com/subject/1088065/,椴佽繀 , 涓婃捣涔﹀簵鍑虹増绀?, 2003-7 , 14.50鍏?8.7,鍝€鍏朵笉骞革紝鎬掑叾涓嶄簤
涔栵紝鎽告懜澶?https://book.douban.com/subject/25984204/,澶у啺 , 婀栧崡鏂囪壓鍑虹増绀?, 2014-9-1 , 36.00鍏?7.4,浠栦汉鐨勭敓娲绘€绘槸姣斾綘鐨勭簿褰?
澶у湴涔嬬伅,https://book.douban.com/subject/1963310/,涓冨爣骞?, 闀挎睙鏂囪壓鍑虹増绀?, 2007-1 , 22.00鍏?8.2,涓や唬浜虹殑鎴愰暱涓庢晳璧?
鎽嗘浮浜?https://book.douban.com/subject/26356948/,[鑻盷鍏嬭幈鍎柯烽害鍏嬬灏?, 鐧捐姳娲叉枃鑹哄嚭鐗堢ぞ , 2015-6-1 , 36.00,6.3,绌?
榛勯噾鏃朵唬,https://book.douban.com/subject/1082406/,鐜嬪皬娉?, 闄曡タ甯堣寖澶у鍑虹増绀?, 2009-07-01 , 23.00鍏?8.9,姘歌繙鐢熺寷涓嬪幓
鏄庢湞閭ｄ簺浜嬪効锛堜紞锛?https://book.douban.com/subject/3009821/,褰撳勾鏄庢湀 , 涓浗鍙嬭皧鍑虹増鍏徃 , 2008-3 , 28.80,8.8,鍐呭咖澶栨偅涔嬮檯锛屼綘鏂瑰敱缃㈡垜鐧诲満
楠嗛┘绁ュ瓙,https://book.douban.com/subject/1043815/,鑰佽垗 , 浜烘皯鏂囧鍑虹増绀?, 2000-3-1 , 12.00,8.2,濡傞獑椹煎枠鎭埇娣卞埢鐨勭粷鏈?
鐩楀绗旇3,https://book.douban.com/subject/2298149/,鍗楁淳涓夊彅 , 涓浗鍙嬭皧鍑虹増鍏徃 , 2007-11 , 26.80鍏?8.4,閫艰繎姝讳骸鐨勪簯椤跺ぉ瀹箣鏃?
楹︾惇鐨勭ぜ鐗?https://book.douban.com/subject/1051193/,[缇嶿 娆蜂酣鍒?, 涓婃捣绀句細绉戝闄㈠嚭鐗堢ぞ , 2003-7 , 25.00鍏?8.6,鏃ュ父鐨勫杩?
鏍兼灄绔ヨ瘽鍏ㄩ泦,https://book.douban.com/subject/1043008/,鏍兼灄鍏勫紵 , 浜烘皯鏂囧鍑虹増绀?, 1994-11 , 21.45鍏?8.9,璁稿闅愭櫐
濡備綍闃呰涓€鏈功,https://book.douban.com/subject/1013208/,[缇嶿 鑾彁榛樎稪. 鑹惧痉鍕?, 鍟嗗姟鍗颁功棣?, 2004-1 , 38.00鍏?8.4,璇讳功鐨勬柟娉曡
褰撴垜浠皥璁虹埍鎯呮椂鎴戜滑鍦ㄨ皥璁轰粈涔?https://book.douban.com/subject/4010969/,[缇嶿 闆疯挋寰仿峰崱浣?, 璇戞灄鍑虹増绀?, 2010-1 , 22.00鍏?7.8,鐤忕鑰屾柇瑁傦紝鐢熸椿鐨勫喎涓庡共娑?
灏樺焹钀藉畾,https://book.douban.com/subject/1080309/,闃挎潵 , 浜烘皯鏂囧鍑虹増绀?, 1998-3-1 , 22.0,8.4,涓€涓偦瀛愮殑鍦熷徃瀹舵棌浼犲
姘翠粰宸蹭箻椴ら奔鍘?https://book.douban.com/subject/1018153/,寮犳偊鐒?, 浣滃鍑虹増绀?, 2005-1 , 19.00鍏?7.8,鏆撮涓庡噺鑲ョ殑妗ユ鍗拌薄娣卞埢
鍘嗗彶娣卞鐨勫咖铏?https://book.douban.com/subject/1027191/,鏋楄揪 , 鐢熸椿路璇讳功路鏂扮煡涓夎仈涔﹀簵 , 1997-5 , 19.00鍏?9.0,绐ヨ缇庡浗绀句細鐨勪竴鎵囩獥
瀚岀枒浜篨鐨勭尞韬?https://book.douban.com/subject/25924253/,涓滈噹鍦惥 , 鍗楁捣鍑虹増鍏徃 , 2014-6 , 35.00鍏?9.0,绌?
灏忔椂浠?.0铏氶摐鏃朵唬,https://book.douban.com/subject/4038164/,閮暚鏄?, 闀挎睙鏂囪壓鍑虹増绀?, 2010-1 , 26.80鍏?6.3,娣虫湸鑷础灏戝勾鍗侀噷娲嬪満娆叉捣缈绘尝涓哄摢鑸?
閲戦攣璁?https://book.douban.com/subject/3017857/,寮犵埍鐜?, 鍝堝皵婊ㄥ嚭鐗堢ぞ , 2005-6 , 13.5鍏?8.5,鏇逛竷宸у氨鍍忓笇鍏嬪帀锛屼竴涓壄鏇茬殑鑻遍泟
浣犲ソ锛屾棫鏃跺厜锛堜笂 涓嬶級,https://book.douban.com/subject/4166819/,鍏湀闀垮畨 , 鏂颁笘鐣屽嚭鐗堢ぞ , 2009-12 , 39.80鍏?8.8,鍘熶綔鍚嶅垏棰?
涓滈湏,https://book.douban.com/subject/4874131/,绗涘畨 , 闀挎睙鏂囪壓鍑虹増绀?, 2010-7-1 , 26.80鍏?8.1,鑷瘉鑰屽亸鎵х殑涓滈湏
娴疯醇鐜?https://book.douban.com/subject/1474773/,灏剧敯鑽ｄ竴閮?, 娴欐睙浜烘皯缇庢湳鍑虹増绀?, 2007-11 , 7.50鍏?9.5,鐑锛屾ⅵ鎯筹紝甯屾湜
閭ｄ簺鍥炰笉鍘荤殑骞村皯鏃跺厜,https://book.douban.com/subject/4231381/,妗愬崕 , 姹熻嫃鏂囪壓鍑虹増绀?, 2010-01 , 23.80鍏?8.5,鎵€鏈変綘鏇剧儹鐖卞嵈姝ｅ湪閬楀繕鐨勪汉鍜屼簨
瀛╁瓙浣犳參鎱㈡潵,https://book.douban.com/subject/4207781/,榫欏簲鍙?, 鐢熸椿路璇讳功路鏂扮煡涓夎仈涔﹀簵 , 2009-12-1 , 28.00鍏?8.8,鎴戜滑鐜板湪鎬庢牱鍋氭瘝浜?
姗?https://book.douban.com/subject/5327697/,瀹変笢灏?, 闀挎睙鏂囪壓鍑虹増绀?, 2010-10 , 28.80鍏?8.3,瀹氬仛涓€涓埢鐫€鈥滀笉杩囧姝も€濈殑绔狅紝鐩栧湪灏侀潰涓?
鎮叉儴涓栫晫锛堜笂涓笅锛?https://book.douban.com/subject/1205054/,[娉昡 闆ㄦ灉 , 浜烘皯鏂囧鍑虹増绀?, 1992-6 , 66.00鍏?8.9,鐜板疄涓讳箟涓庢氮婕富涔夌殑鑷抽珮鏉颁綔
鐩楀绗旇4,https://book.douban.com/subject/3266344/,鍗楁淳涓夊彅 , 涓浗鍙嬭皧鍑虹増鍏徃 , 2008-11 , 32.80鍏?8.4,铔囨布楝煎煄锛屽潙瓒婃寲瓒婂浜?
宸村埆濉斾箣鐘?https://book.douban.com/subject/2139305/,[缇嶿 鍗＄綏鐞陈峰笗鍏嬩笣鐗?, 鍗楁捣鍑虹増鍏徃 , 2007-7 , 22.00鍏?7.7,瓒呰秺璇█涓庣敓姝荤殑鐖?
棣欐按,https://book.douban.com/subject/1292416/,[寰穄 甯暵疯仛鏂噾寰?, 涓婃捣璇戞枃鍑虹増绀?, 2005-5 , 20.00鍏?8.5,鎭嬪懗鐧栬皨鏉€妗?
姊﹂噷鑺辫惤鐭ュ灏?https://book.douban.com/subject/2070844/,涓夋瘺 , 鍖椾含鍗佹湀鏂囪壓鍑虹増绀?, 2007-6 , 28.00鍏?8.9,鍝€鑰屼笉浼?
涓€鍙壒绔嬬嫭琛岀殑鐚?https://book.douban.com/subject/1767945/,鐜嬪皬娉?, 鍖楁柟鏂囪壓鍑虹増绀?, 2006-4 , 18.80鍏?8.8,鐢熸椿灏辨槸涓紦鎱㈠彈閿ょ殑杩囩▼锛岃嚦灏戣繕鍙互鐗圭珛鐙
灞€澶栦汉,https://book.douban.com/subject/4908885/,[娉昡 闃垮皵璐澛峰姞缂?, 涓婃捣璇戞枃鍑虹増绀?, 2010-9 , 22.00鍏?9.0,绌?
涓€涓汉鐨勬湞鍦?https://book.douban.com/subject/24934182/,銆愯嫳銆戣暰绉嬄蜂箶浼婃柉 , 鍖椾含鑱斿悎鍑虹増鍏徃 , 2013-9-1 , 32.80,8.1,绌?
鍙茶拏澶蜂箶甯冩柉浼?https://book.douban.com/subject/6798611/,[缇嶿 娌冨皵鐗孤疯壘钀ㄥ厠妫?, 涓俊鍑虹増绀?, 2011-10-24 , 68.00鍏?8.7,瀹岀編涓讳箟鑰呯殑鏈€楂樺舰鎬?
鐪嬩笉瑙佺殑鍩庡競,https://book.douban.com/subject/1863930/,[鎰忓ぇ鍒浼婂娲浡峰崱灏旂淮璇?, 璇戞灄鍑虹増绀?, 2006-8 , 16.00鍏?8.8,姣忎竴搴у煄甯傞兘鍙湪鎯宠薄涓€哥珛锛屽張鍦ㄦ弿杩颁腑鍧嶅湲
闀挎仺姝?https://book.douban.com/subject/1082349/,鐜嬪畨蹇?, 鍗楁捣鍑虹増鍏徃 , 2003-8 , 22.00鍏?8.3,鐜颁唬涓婃捣鍙茶瘲
鍖嗗寙閭ｅ勾锛堜笂涓嬶級,https://book.douban.com/subject/2567919/,涔濆鑼?, 涓滄柟鍑虹増绀?, 2008-1 , 29.00,8.3,涓嶆倲姊﹀綊澶?鍙仺澶寙鍖?
鑽夋牱骞村崕,https://book.douban.com/subject/1007334/,瀛欑澘 , 杩滄柟鍑虹増绀?, 2004-1 , 19.50鍏?7.1,澶у鐢熸椿鍚挋璇荤墿
寰€浜嬪苟涓嶅鐑?https://book.douban.com/subject/1059336/,绔犺瘨鍜?, 浜烘皯鏂囧鍑虹増绀?, 2004-1 , 35.00鍏?8.6,鐭ヨ瘑鍒嗗瓙鐨勫懡杩愭诞娌?
钄疯枃宀涘笨,https://book.douban.com/subject/1063190/,瀹夊Ξ瀹濊礉 , 浣滃鍑虹増绀?, 2002-8 , 18.00鍏?8.0,浣犱滑涓嶄細褰兼閬楀繕銆傚彧浼氬郊姝ゆ秷澶?
鎴戠殑璺?https://book.douban.com/subject/1431836/,瀵傚湴 , 鍖楁柟濡囧コ鍎跨鍑虹増绀?, 2004-10 , 20.00鍏?8.6,蹇ч儊鐨勬俯鏆?
鑿婁笌鍒€,https://book.douban.com/subject/1022238/,锛堢編锛夐瞾鎬濄兓鏈凹杩厠鐗?, 鍟嗗姟鍗颁功棣?, 1990-6 , 16.00,8.2,澶嶆潅鐭涚浘鐨勬棩鏈皯鏃?
鍊惧煄涔嬫亱,https://book.douban.com/subject/1985223/,寮犵埍鐜?, 鍖椾含鍗佹湀鏂囪壓鍑虹増绀?, 2006-12 , 29.80鍏?8.7,妫嬮€㈠鎵嬶紝蹇冪収涓嶅
鍒€閿?https://book.douban.com/subject/2035162/,[鑻盷姣涘 , 涓婃捣璇戞枃鍑虹増绀?, 2007-3 , 18.00鍏?9.0,绌?
鐞冪姸闂數,https://book.douban.com/subject/1192090/,鍒樻厛娆?, 鍥涘窛绉戝鎶€鏈嚭鐗堢ぞ , 2005-6 , 22.00鍏?8.7,閲忓瓙涔嬪锛屾病鏈夌湡鐩?
璋佸姩浜嗘垜鐨勫ザ閰紵,https://book.douban.com/subject/1021056/,[缇嶿 鏂濉灺风害缈伴€?, 涓俊鍑虹増绀?, 2001-9 , 16.80鍏?7.1,楦℃堡鏂囧绁?
椋為笩闆?https://book.douban.com/subject/1058661/,[鍗癩 缃楀寰锋媺绾冲痉路娉版垐灏?, 鍝堝皵婊ㄥ嚭鐗堢ぞ , 2004-6 , 16.80鍏?8.8,娣℃硦锛岃秴鑴?
涓冨闆?https://book.douban.com/subject/1919201/,娌ф湀 , 鍖椾含鍗佹湀鏂囪壓鍑虹増绀?, 2006-10 , 25.00鍏?8.4,鎶典笉杩囨椂闂?
鏇炬湁涓€涓汉锛岀埍鎴戝鐢熷懡,https://book.douban.com/subject/3506871/,鑸掍华 , 涓浗鐢绘姤鍑虹増绀?, 2009-3 , 23.80,7.5,涓€瑙佸槈閬囪缁堣韩
閭ｄ簺骞达紝鎴戜滑涓€璧疯拷鐨勫コ瀛?https://book.douban.com/subject/1958227/,涔濇妸鍒€ , 鑺卞北鏂囪壓鍑虹増绀?, 2007-1 , 20.00鍏?8.2,閭ｄ簺骞撮敊杩囩殑澶ч洦
浼婅眴鐨勮垶濂?https://book.douban.com/subject/1005521/,[鏃 宸濈搴锋垚 , 骞胯タ甯堣寖澶у鍑虹増绀?, 2002-2 , 23.80鍏?8.2,闈欑編鍙堟畫閰凤紝鏃犻檺鏌旇蒋鐨勫窛绔?
涓栫晫灏藉ご涓庡喎閰蜂粰澧?https://book.douban.com/subject/1291809/,[鏃 鏉戜笂鏄ユ爲 , 涓婃捣璇戞枃鍑虹増绀?, 2002-12 , 23.00鍏?8.6,浜ゅ弶骞宠钂欏お濂?
鍌叉參涓庡亸瑙?https://book.douban.com/subject/1401841/,[鑻盷 濂ユ柉涓?, 涓婃捣璇戞枃鍑虹増绀?, 1996-12 , 11.00鍏?9.0,鐧捐埇鏇叉姌锛岀粓鎴愮湻灞?
鏈€鍒濈殑鐖辨儏 鏈€鍚庣殑浠紡,https://book.douban.com/subject/4011440/,[鑻盷 浼婃仼路楹﹀厠灏ゆ仼 , 鍗椾含澶у鍑虹増绀?, 2010-2 , 22.00鍏?8.0,鍒灏侀潰楠椾簡
楝煎惞鐏箣浜戝崡铏胺,https://book.douban.com/subject/1926103/,澶╀笅闇稿敱 , 瀹夊窘鏂囪壓鍑虹増绀?, 2006-11 , 26.80鍏?8.0,鎭愯櫕鐥囨厧鍏?
鏄庢湞閭ｄ簺浜嬪効锛堟煉锛夛細澶х粨灞€,https://book.douban.com/subject/3626924/,褰撳勾鏄庢湀 , 涓浗娴峰叧鍑虹増绀?, 2009-4 , 29.80鍏?8.9,澶ф槑宕囩ク涓囦竾骞?
鎶婃椂闂村綋浣滄湅鍙?https://book.douban.com/subject/3609132/,鏉庣瑧鏉?, 鐢靛瓙宸ヤ笟鍑虹増绀?, 2009-6 , 32.00鍏?8.5,绌?
绉樺瘑,https://book.douban.com/subject/3266968/,[婢砞 鏈楄揪路鎷滄仼 , 涓浗鍩庡競鍑虹増绀?, 2008-11 , 32.00,7.3,鍚稿紩鍔涙硶鍒?
澶╀娇涓庨瓟楝?https://book.douban.com/subject/1228110/,[缇嶿 涓?甯冩湕 , 浜烘皯鏂囧鍑虹増绀?, 2005-2 , 29.80鍏?8.2,绉戝涓庡畻鏁欑殑澶т贡鏂?
鎷嗘帀鎬濈淮閲岀殑澧?https://book.douban.com/subject/4953695/,鍙ゅ吀 , 涓浗涔﹀簵 , 2010-9 , 29.80鍏?7.9,瑙ｆ斁鎬濇兂锛屽疄浜嬫眰鏄?
鏄庢湞閭ｄ簺浜嬪効锛堥檰锛?https://book.douban.com/subject/3274113/,褰撳勾鏄庢湀 , 涓浗娴峰叧鍑虹増绀?, 2008-11 , 28.80,8.8,鍏氫簤涓嶆伅锛岃タ灞辨棩钖?
浣涚鍦ㄤ竴鍙风嚎,https://book.douban.com/subject/4872671/,鏉庢捣楣?, 鏂囧寲鑹烘湳鍑虹増绀?, 2010-6 , 25.00鍏?8.2,瀣夌瑧鎬掗獋鐨勫父璇嗗垎瀛?
鍊氬ぉ灞犻緳璁?鍏卞洓鍐?,https://book.douban.com/subject/1070851/,閲戝焊 , 涓夎仈涔﹀簵 , 1999-04 , 0,8.5,涓嶈瘑寮犻儙鏄紶閮?
闃跨嫺路姊︿箣鍩庡牎,https://book.douban.com/subject/3554154/,hans , 涓婃捣閿︾唬鏂囩珷鍑虹増绀?, 2009-1 , 36.80鍏?9.0,娌绘剤
鏉滄媺鎷?鍗庡勾浼兼按,https://book.douban.com/subject/3323987/,鏉庡彲 , 闄曡タ甯堣寖澶у鍑虹増绀?, 2009-1 , 28.00,7.3,鏉滄媺鎷夎烦妲借
涓嶆溄,https://book.douban.com/subject/2382705/,钀借惤 , 闀挎睙鏂囪壓鍑虹増绀?, 2007-12 , 22.00,7.6,鎵€鏈夐』鑷撅紝鍖栦负涓嶆溄
